n_estimators,max_depth,max_depth_str,min_samples_split,F1 train,F1 Macro,gap
50,5,5,2,0.5754482225494375,0.43187212339716635,0.14357609915227115
50,5,5,5,0.5687307987020593,0.44790737992705215,0.12082341877500719
50,5,5,10,0.546628447368924,0.4527123282359943,0.09391611913292974
50,5,5,20,0.5454816499454953,0.4484648612675023,0.09701678867799302
50,10,10,2,0.7390656277535854,0.4237907495077696,0.3152748782458158
50,10,10,5,0.7158268665534451,0.43044900931528574,0.28537785723815934
50,10,10,10,0.6849368996556119,0.4195450316973216,0.2653918679582903
50,10,10,20,0.6553933593746375,0.4313817740901074,0.22401158528453008
50,15,15,2,0.8082737323560454,0.44815834271436805,0.36011538964167733
50,15,15,5,0.792201684113383,0.44188468165041195,0.35031700246297104
50,15,15,10,0.760448977918816,0.4445132143047058,0.31593576361411024
50,15,15,20,0.715722200453081,0.43531424099226196,0.28040795946081903
50,20,20,2,0.8600652780343363,0.4576470321487135,0.4024182458856228
50,20,20,5,0.834200064949012,0.4675630917665695,0.3666369731824425
50,20,20,10,0.8030782227327786,0.46253939645939146,0.34053882627338716
50,20,20,20,0.775606043293798,0.45151861735925786,0.32408742593454015
50,30,30,2,0.9225754533570429,0.46867487400127605,0.4539005793557669
50,30,30,5,0.9011933360891534,0.47298792680304663,0.4282054092861068
50,30,30,10,0.8750293425324124,0.48331839665254095,0.39171094587987143
50,30,30,20,0.8407456540727881,0.4688796107274368,0.37186604334535134
50,40,None,2,1.0,0.44612873365605793,0.553871266343942
50,40,None,5,0.9974931867968835,0.4717579506634646,0.5257352361334189
50,40,None,10,0.9887705667853596,0.4725550965378039,0.5162154702475557
50,40,None,20,0.9743856916213522,0.48878799382375804,0.4855976977975942
100,5,5,2,0.6272236398951081,0.4164515478637879,0.2107720920313202
100,5,5,5,0.6031157012705426,0.4113657867116117,0.19174991455893087
100,5,5,10,0.58331974918124,0.42258506517511296,0.160734684006127
100,5,5,20,0.5764730298454223,0.4247543301633482,0.15171869968207408
100,10,10,2,0.7533357186964991,0.427581228508706,0.32575449018779307
100,10,10,5,0.7254213389152347,0.4448015387766566,0.2806198001385781
100,10,10,10,0.6989085936888184,0.43281130299872905,0.26609729069008936
100,10,10,20,0.6697267545717062,0.43177956379255705,0.2379471907791491
100,15,15,2,0.8151431997544043,0.4393657217267126,0.3757774780276917
100,15,15,5,0.7932809048848589,0.44495401925832667,0.34832688562653225
100,15,15,10,0.7621168868664221,0.439385882641136,0.3227310042252861
100,15,15,20,0.7278677714956633,0.4410295535897317,0.28683821790593156
100,20,20,2,0.8670241902469844,0.45844553399845095,0.40857865624853346
100,20,20,5,0.8411326338892737,0.4601072431429574,0.3810253907463163
100,20,20,10,0.8096869428720638,0.4633333798933673,0.34635356297869646
100,20,20,20,0.7807551341023855,0.4521575208862851,0.3285976132161004
100,30,30,2,0.9367147727959063,0.46763156995378685,0.46908320284211946
100,30,30,5,0.9151974122336795,0.4712242554522226,0.4439731567814569
100,30,30,10,0.8881785968857656,0.4869092487486415,0.4012693481371241
100,30,30,20,0.8430375165844038,0.4718564665024307,0.37118105008197316
100,40,None,2,1.0,0.449018852220006,0.550981147779994
100,40,None,5,0.9992492015921108,0.4679106162269741,0.5313385853651367
100,40,None,10,0.9917132590665736,0.4711944479373862,0.5205188111291874
100,40,None,20,0.9806305542709277,0.48996112854952917,0.49066942572139854
200,5,5,2,0.6322577287906413,0.4095776245499638,0.22268010424067752
200,5,5,5,0.6200696871421087,0.41259937284293136,0.2074703142991774
200,5,5,10,0.6026682961562869,0.41369911787830715,0.18896917827797977
200,5,5,20,0.5893479821849371,0.41563431471039475,0.17371366747454237
200,10,10,2,0.7590515875454383,0.43266356110147164,0.3263880264439667
200,10,10,5,0.741936802417436,0.4460905290927215,0.29584627332471447
200,10,10,10,0.7093597987457676,0.43610539278991345,0.27325440595585415
200,10,10,20,0.6941191144521311,0.43591848533025,0.25820062912188113
200,15,15,2,0.8208790518312865,0.4499712543853138,0.3709077974459727
200,15,15,5,0.7992271774881734,0.4512265000125244,0.348000677475649
200,15,15,10,0.7711135097396595,0.4550900426330349,0.31602346710662466
200,15,15,20,0.7404321681576065,0.45288654854931437,0.2875456196082921
200,20,20,2,0.868221493884979,0.4600644485582229,0.4081570453267561
200,20,20,5,0.8493942596083339,0.45809356376277854,0.3913006958455554
200,20,20,10,0.8181345899705674,0.4601595079232694,0.35797508204729805
200,20,20,20,0.7903052670529933,0.4593798889499054,0.3309253781030879
200,30,30,2,0.9483269192137245,0.4608764162705459,0.4874505029431786
200,30,30,5,0.9258169719258111,0.46164725318737065,0.4641697187384405
200,30,30,10,0.8960289862564548,0.47942928712684807,0.4165996991296067
200,30,30,20,0.8570475249389315,0.47800538825385364,0.3790421366850779
200,40,None,2,1.0,0.44358292267767074,0.5564170773223293
200,40,None,5,0.9992918198859633,0.46545203631010257,0.5338397835758607
200,40,None,10,0.9923521234831654,0.4735940414751125,0.5187580820080528
200,40,None,20,0.983383386298326,0.48394673283738004,0.49943665346094596
400,5,5,2,0.6489274217504941,0.4104299877329849,0.23849743401750922
400,5,5,5,0.638277812506566,0.42020232094351084,0.21807549156305517
400,5,5,10,0.6226175789051608,0.4156842607162772,0.2069333181888836
400,5,5,20,0.6025313021843831,0.41814989799966196,0.18438140418472115
400,10,10,2,0.7520149579924809,0.4343560546898448,0.3176589033026361
400,10,10,5,0.7342401716731172,0.4403688270883497,0.2938713445847675
400,10,10,10,0.7031135141298774,0.43875613992610024,0.2643573742037772
400,10,10,20,0.6838235047445163,0.43629705795561036,0.2475264467889059
400,15,15,2,0.8144513788095621,0.45047519744415343,0.36397618136540866
400,15,15,5,0.8004167415000453,0.4507977282889936,0.34961901321105165
400,15,15,10,0.7682656018054499,0.4590281607940828,0.3092374410113671
400,15,15,20,0.7371222018675478,0.4522335862503998,0.28488861561714807
400,20,20,2,0.868470014349254,0.4550312027672994,0.41343881158195456
400,20,20,5,0.8491095979751067,0.4632728927527724,0.38583670522233426
400,20,20,10,0.8194182178546967,0.4637534692315054,0.3556647486231913
400,20,20,20,0.7853897662677477,0.45865513738482194,0.32673462888292576
400,30,30,2,0.9476127269744796,0.46416933951707307,0.48344338745740656
400,30,30,5,0.9282393247714589,0.46756752258075795,0.4606718021907009
400,30,30,10,0.8972106490492582,0.472219323486496,0.4249913255627622
400,30,30,20,0.8569193455747166,0.4720852019321975,0.3848341436425191
400,40,None,2,1.0,0.45387613253386344,0.5461238674661366
400,40,None,5,0.9996136092857074,0.46054813651043025,0.5390654727752772
400,40,None,10,0.9937047474837184,0.48235021887958685,0.5113545286041316
400,40,None,20,0.9817430595021399,0.48433562084296733,0.4974074386591726
800,5,5,2,0.6453809850044829,0.41817785335993085,0.22720313164455208
800,5,5,5,0.6392043694775724,0.4172293679836645,0.22197500149390792
800,5,5,10,0.6250677560376311,0.4158837845970456,0.20918397144058548
800,5,5,20,0.5974766806765842,0.41244792225851135,0.18502875841807287
800,10,10,2,0.7513941492256799,0.43970540223734,0.3116887469883399
800,10,10,5,0.7300426266709872,0.43885841744342546,0.2911842092275617
800,10,10,10,0.6957905635397039,0.4371807971093168,0.25860976643038713
800,10,10,20,0.6763493015872637,0.43294789930477345,0.24340140228249024
800,15,15,2,0.81579495928369,0.455602997117601,0.36019196216608895
800,15,15,5,0.8015007620371712,0.45295184074754424,0.348548921289627
800,15,15,10,0.7702529420978361,0.46083735090547384,0.3094155911923623
800,15,15,20,0.734820453011917,0.4504029536103663,0.2844174994015507
800,20,20,2,0.8734626143438566,0.46505331060480354,0.4084093037390531
800,20,20,5,0.8523213227177613,0.4557184062388102,0.3966029164789511
800,20,20,10,0.8194782268931544,0.4638686088655246,0.3556096180276298
800,20,20,20,0.7873149796790758,0.46213688472827474,0.3251780949508011
800,30,30,2,0.9485843230188519,0.4650987075468128,0.48348561547203905
800,30,30,5,0.9291271155371852,0.47158609693407866,0.45754101860310653
800,30,30,10,0.8958510996237368,0.47130629927995293,0.42454480034378383
800,30,30,20,0.8590264530458753,0.46589911588982624,0.3931273371560491
800,40,None,2,1.0,0.4542757640887947,0.5457242359112053
800,40,None,5,0.9997852664291117,0.4689535611375065,0.5308317052916052
800,40,None,10,0.9943687181513894,0.48186065045286647,0.512508067698523
800,40,None,20,0.9814990278295456,0.48231220635490546,0.4991868214746401
